,peopleCd,peopleNm,peopleNmEn,sex,moviecode
0,20229487,박선,,False,"20161481, 20140144"
1,20211007,박서준,PARK Seo-jun,True,"20162442, 20159647, 20143572, 20149569"
2,20157664,박상훈,PARK Sang-hoon,True,"20168247, 20173612, 20159648, 20158705, 20158705, 20158705, 20149498, 20081476, 20081648"
3,20291136,박상호,,True,20161481
4,20291131,박상규,,True,20161681
5,20154873,박상규,,True,"20172742, 20030052, 20020296"
6,20291129,박상규,,True,20155381
7,20154832,박보연,,False,"20160503, 20040625, 20030092"
8,20291113,박민지,,False,20177342
9,20291062,박문수,,True,20178461
10,10026732,문소리,MOON So-ri,False,"20172642, 20172642, 20172642, 20172642, 20172642, 20172642, 20172642, 20162871, 20178501, 20170841, 20144444, 20167301, 20156047, 20152064, 20148840, 20123662, 20130561, 20124086, 20128747, 20124350, 20110279, 20100188, 20100202, 20090318, 20070382, 20078683, 20060123, 20050344, 20050086, 20050276, 20051323, 20040483, 20030108, 20020226, 19990050, 20157218, 20155468, 20141745, 20158801, 20119948, 20060534, 20149420, 20060727, 20060816, 20060668, 20161466, 20154974, 20156739, 20156740, 20155121, 20154711, 20158403, 20158595, 20141523, 20151248, 20150980"
11,10007498,남규리,NAM Kyu-ri,False,"20173865, 20081058, 20148534"
12,20290972,문광무,,True,20159647
13,10033238,명사랑 아네스,,False,"20174243, 20174243"
14,10021341,마동석,Don LEE,True,"20150976, 20172603, 20172742, 20172742, 20170513, 20167903, 20160472, 20156564, 20150972, 20144441, 20143510, 20149569, 20148048, 20148447, 20123501, 20136894, 20136061, 20134801, 20134124, 20124937, 20127597, 20129786, 20123201, 20124399, 20125920, 20132827, 20113557, 20100661, 20100213, 20111719"
15,20290732,홍준선,,True,20162343
16,20290731,홍준석,,True,20178982
17,20290717,홍준기,,True,20167148
18,20290708,홍윤기,,True,20162871
19,20290679,홍성호,,True,20151230
20,20290671,홍근택,,True,20177666
21,10085287,로웨나 맥도넬,Lowena McDonell,False,20175831
22,10076795,페미 오건스,Femi Oguns,True,20174603
23,10071518,케일리 스패니,Cailee Spaeny,False,20174603
24,20178220,니니,Ni Ni,False,"20175643, 20177965, 20168589, 20132021"
25,10056089,사토 타케루,Takeru Sato,True,"20162147, 20161790, 20177963, 20120363, 20101189"
26,20290505,이현주,,False,20177934
27,20290529,김산옥,,False,20177934
28,10073144,시라하마 아란,Alan Shirahama,True,20177950
29,10027416,미우라 쇼헤이,Shohei Miura,True,20177950
30,20290497,허진영,,False,20178665
31,10034572,타키우치 쿠미,Kumi Takiuchi,False,20177927
32,20290494,허인,,True,20151181
33,20290473,허윤철,,True,20176345
34,20290472,허윤주,,False,20170930
35,20188866,최미라,CHOI Mi-ra,False,"20148631, 20139401, 20139623"
36,20289623,이소정,,False,20177665
37,20290437,이주환,,True,20160746
38,20290435,이주현,,True,"20162343, 20156708"
39,20209046,이주원,,True,"20162442, 20128687, 20124062"
40,20217606,이주원,LEE Ju-won,True,"20164174, 20151003, 20155387, 20141612, 20157285"
41,20290434,이주영,,True,"20179407, 20162869, 20169348"
42,20196202,이주영,,False,"20157631, 20122782"
43,20253250,이주영,,False,20160483
44,20290433,이주연,,False,"20156708, 20156708"
45,20231786,이주연,,False,"20162871, 20151229, 20149961, 20070097"
46,20290432,이주선,,False,20159501
47,20181704,이종혁,,True,"20150964, 20149909, 20139401, 20110249"
48,20165448,이종필,,True,"20164859, 20148447, 20060387"
49,20290450,이종재,,True,20166421
50,20290428,이종영,,True,20179407
51,20127912,이종석,LEE Jong-suk,True,"20164174, 20139881, 20138223, 20126091, 20124049, 20124045"
52,20290426,이종민,,True,20178982
53,20181927,이정훈,Lee Jung-hoon,False,"20150964, 20150964, 20149289, 20134591, 20139461"
54,20290407,이정훈,,True,20154342
55,20196179,이정호,,True,"20179407, 20164844, 20139201, 20139401"
56,20290423,이정현,,True,20178982
57,20290422,이정현,,True,"20170941, 20170941"
58,10057320,이정진,LEE Jung-jin,True,"20159501, 20162022, 20158982, 20124934, 20113671, 20101039, 20100305, 20040778, 20030433, 20020164, 20000001"
59,20189363,이정은,LEE Jeong-eun,False,"20162869, 20162722, 20166421, 20145504, 20134586, 20134803, 20134123, 20148861"
60,20290404,이정우,,True,20172863
61,10057300,이정우,LEE Jung-woo,True,"20175021, 20164844, 20090888, 2010A879, 20070082, 20078552, 20060280"
62,20196170,이정아,,False,"20169270, 20139881"
63,20290401,이정수,,True,20151227
64,20186308,이정수,,False,"20179407, 20162442, 20162181, 20166421, 20141001, 20139183, 20136043, 20127595"
65,20290419,이정섭,,True,20156708
66,20290399,이정민,,False,"20167905, 20167905"
67,20166519,이정민,LEE Jung-min,True,"20161726, 20163019, 20136043, 20080394, 20038599, 20080467, 20123151, 20060816, 20081682"
68,20290395,이재훈,,True,20165001
69,20290415,이재환,,True,"20161726, 20145486"
70,20290412,이재현,,True,20177041
71,20290393,이재현,,True,"20162871, 20161726"
72,20169894,이재현,LEE Jae-hyun,False,"20173601, 20163845, 20158091, 20136163, 20148786, 20148779, 20138732"
73,20290410,이재학,,True,"20175021, 20175021"
74,20165072,이재은,,False,"20179407, 20150971, 20138226, 20122832, 20060284"
75,20290387,이재원,,False,20175021
76,20290386,이재욱,,True,20164404
77,20290385,이재우,,True,20170941
78,20290366,이재우,,True,"20161923, 20150966, 20145486"
79,20196132,이재영,,True,"20174644, 20138221"
80,20290383,이재수,,True,20162181
81,20165029,이재성,,True,"20175021, 20134082, 20116046, 20079212"
82,20290379,이자은,,False,"20179407, 20179323, 20156708"
83,20189539,이자은,,False,"20161021, 20164403, 20149289, 20141423"
84,20290378,이인호,,True,20160746
85,20224273,이인규,,True,"20164844, 20148855"
86,20290355,이은정,,False,20174262
87,20290371,이은비,,False,"20162442, 20164844"
88,20224226,이윤희,,True,"20162871, 20162722, 20150753, 20151229, 20148855"
89,20290353,이윤혁,,True,20154342
90,20290352,이윤하,,False,20164174
91,20290349,이유진,,False,"20167902, 20151227"
92,20254828,이유진,,False,"20150964, 20163702, 20150844"
93,10056941,이유진,LEE You-jin,False,"20175042, 20162802, 20060407, 20040585, 20040659"
94,20162795,이원근,LEE Won-geun,True,"20172204, 20167867, 20165444, 20166602, 20162361, 20151181, 20151181, 20010047, 20136850"
95,20290323,이원규,,True,20177223
96,10056869,이웅희,,True,"20161726, 20090574"
97,20290341,이용훈,,True,20177666
98,20290318,이용한,,True,20175601
99,20290337,이용직,,True,20162181
100,20290335,이예진,,False,20168041
101,20290333,이예림,,False,20167905
102,20290314,이영호,,True,20172861
103,20290331,이영호,,True,"20167902, 20164844, 20161726, 20151230"
104,20290313,이영현,,True,20177223
105,20186250,이영상,,True,"20178982, 20154905, 20130482"
106,20254790,이영민,,True,"20162871, 20142621, 20131521"
107,20290246,이연수,,False,20177665
108,20290267,허나경,,False,20179407
109,20290240,한화성,,True,20162503
110,20290258,이신우,,True,20178982
111,20290257,한하늘,,True,20166421
112,20181230,이시훈,,True,"20164844, 20125406"
113,10056298,이승희,LEE Seung-hi,False,"20162442, 20158481, 20155923, 20139463, 20060425, 20060353, 20060280, 20072065, 20038550"
114,20195903,이승훈,,True,"20169348, 20161726, 20166421, 20145507, 20139183"
115,20254757,이승훈,,True,"20164981, 20162021, 20161662"
116,20254754,이승환,,True,"20178982, 20175021, 20152746"
117,20290232,이승호,,True,20175242
118,20290207,이승현,,False,20177483
119,20290205,이승철,,True,20163019
120,20260672,이승철,,True,"20162343, 20169348, 20159648, 20153444, 20152369"
121,20290225,이승준,,True,20172381
122,20199239,이승준,,True,"20169603, 20153921, 20130481"
123,20195894,이승준,,True,"20175021, 20175021, 20145507, 20157466, 20158483, 20145182, 20150941, 20148844, 20148449, 20149062, 20148841, 20131262, 20130442, 20150844"
124,20256373,이승주,,True,20162343
125,20290223,이승일,,True,20161726
126,20290222,한재욱,,True,20162442
127,20290217,이승엽,,True,20175021
128,20224074,이승연,,False,"20167901, 20155321, 20152746, 20158799, 20150977, 20148449"
129,20290195,이승민,,False,20166384
130,10042209,아서 케네디,Arthur Kennedy,True,"19748225, 19558005, 20129631, 20129040, 20157562"
131,20290169,김준섭,,True,20175504
132,20290149,정성훈,,True,20175504
133,20234406,허지원,,True,"20177834, 20149496"
134,20290090,한승환,,True,20167905
135,20290075,한성연,,False,20167148
136,20290041,한민철,,True,20151230
137,20290070,한미진,,False,20151229
138,20290037,한경현,,False,20167148
139,10087253,하정우,HA Jung-woo,True,"20170590, 20150976, 20173301, 20170658, 20161723, 20154910, 20144444, 20167301, 20148851, 20131262, 20131262, 20131262, 20131262, 20123501, 20122785, 20122785, 20136052, 20124083, 20128271, 20128271, 20113916, 20113557, 20110613, 20101222, 20090160, 20090527, 20090307, 20090289, 20090261, 20081002, 20080394, 20080046, 20070382, 20070098, 20070206, 20060272, 20060228, 20050303, 20050013, 20040619, 20020006, 20098138"
140,20100603,김록경,KIM Lok-kyoung,True,"20101111, 20177747, 20175187, 20121082"
141,10017127,로버트 엠스,Robert Emms,True,20179086
142,10089083,다니엘라 피네다,Daniella Pineda,False,20179086
143,10073794,카밀 레미에쉐브스키,Kamil Lemieszewski,True,20179086
144,10023577,마이클 파파존,Michael Papajohn,True,20179086
145,10061117,저스티스 스미스,Justice Smith,True,20179086
146,10086723,하덕부,HA Deok-bu,True,20167829
147,10056199,이순재,LEE Soon-jae,True,"20154802, 20135369, 20119717, 20119337, 20090605, 20090391, 20050355, 19870040, 19870012, 19840065, 19830031, 19809045, 19800066, 19800012, 19800118, 19790055, 19790048, 19790025, 19798169, 19799005, 19798018, 19820020, 19789013, 19789037, 19778176, 19780052, 19770059, 19779010, 19770035, 19770017, 19770012, 19758029, 19750092, 19750008, 19750048, 19770051, 19740137, 19740136, 19740135, 19740068, 19740118, 19720151, 19718240, 19710092, 19710093, 19710109, 19698117, 20154128, 19688087, 20081074, 20144262, 20098537"
148,20289650,이수현,,True,20160746
149,20254413,이수진,,False,"20162442, 20158982"
150,20289669,이수진,,False,20172863
151,20272830,이수진,,False,20171121
152,20223877,이수지,,False,"20154802, 20140703"
153,20289648,이수정,,False,20168041
154,20289647,이수일,,False,20179643
155,20231670,이수빈,,False,"20150964, 20140194"
156,20260653,이수민,,True,"20170983, 20161569, 20168146"
157,20289646,이수민,,True,20162869
158,20158103,이수민,,False,"20170941, 20080397"
159,20195643,이수경,LEE Su-gyeong,False,"20169643, 20168041, 20162871, 20174169, 20149266, 20129787, 20138226, 20168624"
160,20254156,이소정,,False,"20175021, 20159641, 20159641"
161,20289621,이소연,,False,20172167
162,20186197,이세희,,False,"20162442, 20171121, 20134124"
163,20280529,이성훈,,True,"20166803, 20176666"
164,20195626,이성호,,True,"20162869, 20175021, 20148449, 20137043"
165,20181152,이성재,,True,"20175021, 20164281, 20149569, 20139401, 20136917, 20124055"
166,20195609,이성민,,True,"20160483, 20148841, 20139981"
167,20289614,이성규,,True,20178982
168,20186161,이선아,,False,"20156670, 20129606"
169,20154472,이석호,,True,"20151230, 20151229, 20030133"
170,20223753,이석현,,True,"20179407, 20159301, 20159301, 20143512, 20148855"
171,20289611,이석재,,True,20154802
172,20289610,이석,,True,"20156562, 20156562"
173,20154270,이석,,True,"20150964, 20150964, 20081611"
174,20166879,이새별,LEE Sae-byeol,False,"20162869, 20140191, 20148685, 20122787, 20125343, 20110290, 20090155, 20072686, 20070305, 20070293, 20147911, 20136391, 20122724, 20129334, 20112842"
175,20181118,이상희,,True,"20150966, 20113887"
176,20147107,이상희,LEE Sang-hee,False,"20174142, 20167148, 20177962, 20159286, 20154910, 20142406, 20160484, 20140704, 20159643, 20158481, 20159161, 20159837, 20141589, 20141610, 20149266, 20148188, 20147930, 20123662, 20122832, 20122076, 20122063, 20128669, 20172626, 20169184, 20160303"
177,20199569,이상훈,,True,"20162503, 20166128, 20142641, 20147129"
178,20289588,이상호,,True,20174602
179,20195572,이상현,,True,"20169348, 20158705, 20143512, 20156281, 20155923, 20139183"
180,20195567,이상진,,True,"20162343, 20150979, 20143509, 20159422"
181,20151292,이상원,,True,"20167901, 20161726, 20161723, 20110613"
182,20260509,이동욱,,True,"20178982, 20155223, 20145486"
183,20289592,이동준,,True,20166421
184,20289582,최효정,,False,20167905
185,20289591,이상우,,True,20179481
186,20289589,이상욱,,False,20149571
187,20231906,이상수,,True,"20176666, 20173761, 20134588, 20148842, 20050326"
188,20289576,이상민,,True,20162442
189,20289575,최혜인,,False,20179604
190,20289574,이상덕,,True,20175021
191,20181064,이상구,,True,"20162871, 20111074"
192,20223140,이보라,,False,"20179407, 20142402"
193,20289563,이병훈,,True,20178982
194,20289561,이민호,,True,"20150964, 20150964"
195,20253887,이민지,,False,"20164981, 20150968"
196,20111089,이민지,LEE Min-ji,False,"20160483, 20164323, 20148844, 20149266, 20143753, 20141609, 20149541, 20131263, 20101343, 20149505, 20139561, 20137962, 20120602, 20113961, 20128669, 20101268, 20135915"
197,20289556,이민주,,False,20178181
198,20289555,이민욱,,True,20160746
199,20289554,이민욱,,True,"20171027, 20179826, 20178964"
200,20253882,이민아,,False,"20174644, 20142406, 20140704"
201,20289553,이민석,,True,20170163
202,20112011,이미소,LEE Mi-so,False,"20167901, 20164844, 20145502, 20156353, 20149457, 20148188, 20136864, 20124936, 20100834, 20090327, 20070128, 20050239, 20119540"
203,20289524,이명규,,True,20151181
204,20232324,이루리,,True,"20169603, 20149266"
205,20253851,이동희,,True,"20162343, 20166421, 20142621"
206,20289521,최형욱,,True,"20164844, 20154802"
207,20185207,이동현,,True,"20175021, 20126668"
208,20289514,이동민,,True,20172381
209,20111316,이동규,LEE Dong-kyu,True,"20161923, 20126088, 20100055, 20070262, 20060210, 20040771, 20061235, 20030061, 20028542, 20080431, 19998749"
210,20289512,이동규,,True,20167148
211,20289532,최창국,,True,"20151230, 20150964"
212,20289511,이도현,,True,"20162442, 20151230"
213,20289448,최지유,,False,20172401
214,20289493,최지안,,False,"20179407, 20173561"
215,20289491,최지성,,True,20178181
216,20289489,최지민,,False,20162442
217,10072675,최재후,,True,"20011291, 20060782"
218,20289436,최인희,,False,20174644
219,20289402,최운정,,False,20164403
220,20289399,최요셉,,True,20163019
221,20289367,최신호,,True,20168612
222,20289365,최승주,,True,20157631
223,20289384,최순진,,False,20175021
224,20289378,최상재,,True,20164174
225,20289376,최사랑,,False,20174782
226,20289356,최보경,,True,20175021
227,20289355,최병구,,True,20161723
228,10072254,최민주,,False,20175042
229,20289314,최다미,,False,20174164
230,20266410,최낙윤,,True,"20173061, 20173061, 20165285"
231,20289312,최광원,,True,20162442
232,20289311,최경식,,True,20150964
233,20289285,최경미,,False,20150964
234,20289297,채환,,True,20167905
235,20289249,양근수,,True,"20158745, 20156895"
236,20289229,윤덕용,,True,20177473
237,20289190,리우진,,True,20174663
238,10072103,최고,,True,20173581
239,20172740,이달,,True,"20151003, 20121731"
240,20289176,이다은,,False,20166421
241,20289173,이다영,,False,"20162442, 20151181"
242,20289152,이나영,,False,20167148
243,20289170,이나경,,False,20151229
244,20162919,이광호,,True,"20179481, 20140144, 20060112"
245,20289123,이관용,,True,20175021
246,20289141,이경진,,False,20174165
247,20265812,이경재,,True,"20169348, 20144641"
248,20289137,이경수,,True,"20178982, 20169348"
249,20289120,이경민,,False,20164981
250,20165840,이경민,Lee Gyeong-min,True,"20176421, 20148492, 20130391, 20139922, 20123344"
251,20289133,이강재,,True,"20162442, 20150971"
252,20289132,이가희,,False,20174461
253,20195029,이가경,,False,"20179323, 20169348, 20138561, 20153443, 20139981"
254,20289130,윤혜인,,False,"20168041, 20168041"
255,20253678,윤진영,,True,"20162343, 20175504, 20151227, 20158742, 20152370"
256,10054519,윤준호,YOON Joon-Ho,True,"20167902, 20159648, 20134803, 20070014, 20060277, 20050280"
257,20289099,윤정희,,False,20176666
258,20239907,윤성민,,True,"20169348, 20166361"
259,20289059,윤민영,,True,20174165
260,20277349,윤경호,,True,"20167829, 20167829, 20161366"
261,10054128,유해진,YOO Hae-jin,True,"20170590, 20162869, 20177005, 20177538, 20151228, 20153444, 20157465, 20148048, 20148855, 20134804, 20136064, 20133322, 20136057, 20124937, 20126407, 20124400, 20113532, 20119628, 20119529, 20100213, 20100209, 20061214, 20100300, 20090077, 20080736, 20080399, 20070421, 20070111, 20070084, 20060338, 20060277, 20060093, 20050333, 20050189, 20040786, 20050076, 20040778, 20040595, 20040514, 20040441, 20030153, 20030052, 20020277, 20020220, 20020204, 20020065, 20010017, 20010027, 19990067, 19970018, 20078569"
262,20289019,유현종,,True,"20167148, 20151229"
0,20152525,유지현,,False,"20166421, 20149266, 20116046, 20100822"
1,20288992,유지은,,False,20160746
2,20278349,유지원,,False,"20177101, 20172482, 20160129"
3,20152252,유정호,,True,"20162181, 20153443, 20136888, 20110313"
4,20288972,유요한,,True,20151230
5,20254369,유소영,,False,20164981
6,20288932,유소영,,False,20174164
7,20288931,유상훈,,True,20175021
8,20288930,유상혁,,True,20179323
9,20198807,유명환,,True,"20169348, 20129370"
10,20288887,유리,,False,20171059
11,20288886,유리,,False,20168041
12,20288898,유단비,,False,20177483
13,20253515,유경훈,,True,"20167901, 20145396"
14,20111474,이서진,LEE Seo-jin,True,"20177538, 20142407, 20078380, 20050288, 20010019, 20000034"
15,10018863,크리스토페르 베치,Kristoffer Bech,True,20175388
16,10082019,파벨 데레비앙코,Pavel Derevyanko,True,20175962
17,10038417,블라디미르 브도비첸코프,Vladimir Vdovichenkov,True,20175962
18,20288870,서원경,,False,20160477
19,20211126,성호준,,True,"20160477, 20132801, 20132801"
20,20288851,김강은,,False,20160477
21,20288850,이관헌,,True,20160477
22,20288869,최이태,,True,"20162546, 20177540"
23,20288823,차원영,,True,20164859
24,20288818,차미진,,False,20162343
25,20288791,진달래,,False,20176666
26,10070433,진남수,,True,20161723
27,20288764,지성훈,,True,20164174
28,20288783,지경현,,True,20169348
29,20288781,주현수,,True,20164844
30,20288759,주용,,True,20163019
31,20288757,주영민,,True,20166422
32,20288749,목규리,,False,20162986
33,20288732,조혁찬,,True,20157631
34,20288702,조해진,,True,20166421
35,20288730,조한별,,False,20156708
36,20288694,조청원,,True,20164174
37,10071791,치웨이,Qi wei,False,20177351
38,10060601,장한위,Zhang Hanyu,True,"20177351, 20163580, 20177124, 20158841, 20136807, 20156893, 20113883, 20149256, 20080105"
39,10074928,까뜨린느 프로,Catherine Frot,False,"20175625, 20158886, 20143942, 20088251, 20070452, 20048561, 20021265, 20021266, 19998788, 19998939, 19988745"
40,20288657,조진규,,True,20150964
41,20288655,조주현,,True,20167829
42,10078386,클레인 크로포드,Clayne Crawford,True,"20172346, 20177309, 20134266"
43,20288517,이정구,,True,20161724
44,20185889,우상기,,True,"20162442, 20123384"
45,20288509,오혜원,,False,20172381
46,20288469,오정우,,True,20167148
47,20157840,오수현,,True,"20166761, 20167008, 20081729"
48,20288355,오동석,,True,20179481
49,10049790,여진구,YEO Jin-gu,True,"20170590, 20169348, 20140193, 20148553, 20148494, 20123383, 20124047, 20110019"
50,20288301,조윤주,,False,20162442
51,20288300,조유찬,,False,20156708
52,20288311,조원진,,True,20156708
53,20288298,조원빈,,True,20179407
54,20288252,양민우,,True,20176666
55,20221054,안효민,,True,"20177761, 20174165, 20172601, 20172601, 20172601, 20172601, 20172601, 20172601, 20172601, 20172601, 20172601, 20163841, 20140241"
56,20288227,안철호,,True,20166132
57,20288224,안지현,,False,20151230
58,20288200,안유미,,False,20164981
59,20288220,안영진,,True,20154802
60,20232288,안소연,,False,"20157631, 20143513"
61,20288162,심은주,,False,20167905
62,20191807,심규혁,,True,"20170964, 20173061, 20161796, 20141028"
63,20288169,조성미,,False,20156562
64,20288136,조박,,True,20178982
65,20288112,조경아,,False,20160483
66,20288045,정현경,,False,20150753
67,20288041,정태인,,False,20167901
68,20288040,정태수,,True,20162343
69,20288035,정진용,,True,20162971
70,20288012,정이삭,,True,20150964
71,20287989,정은,,False,20172822
72,10036063,해나 존-케이먼,Hannah John-Kamen,False,20171122
73,10034407,사이먼 페그,Simon Pegg,True,"20171122, 20150567, 20161286, 20159311, 20158013, 20154141, 20157881, 20142843, 20142301, 20154841, 20147290, 20163025, 20112542, 20119721, 20137468, 20081361, 20070204, 20078820, 20068780, 20068904, 20048411"
74,20287916,이슬기,,False,20175930
75,20287915,정유빈,,False,20156708
76,20287914,박현지,,False,20175930
77,20287913,심이안,,False,20175930
78,20287912,여경주,,False,20175930
79,20287910,정원태,,True,20167902
80,10084287,비우라 코알레,Beulah Koale,True,20176886
81,10063717,제이슨 홀,Jason Hall,True,20176886
82,20287881,정용환,,True,20172863
83,20274769,정영수,,True,"20172601, 20172601"
84,20287876,정연수,,True,20169348
85,20287805,정연서,,False,20162871
86,20287802,신진철,,True,20162343
87,20278009,신지훈,,True,20170941
88,20287800,신지훈,,True,20162722
89,20287857,신지용,,True,20149571
90,20287856,신중혁,,True,"20162343, 20162871, 20156562"
91,20287854,신종민,,True,20166132
92,20287796,신정화,,False,20162442
93,20188627,신재훈,,True,"20172401, 20138061, 20131102, 20177483, 20162745"
94,20287793,정순희,,False,20179604
95,20287792,정수빈,,False,20175021
96,20287809,정성윤,,True,20162343
97,20287744,신유철,,True,20151228
98,20287763,신영진,,True,"20156708, 20156708"
99,20131765,신영진,,False,"20167901, 20154802, 20100832"
100,20287756,신승민,,True,"20175021, 20175021"
101,20287753,신수정,,False,20154802
102,20287749,신선,,True,20179442
103,20128312,신민철,SHIN Min-cheol,True,"20164981, 20154803, 20158824, 20138223, 20124065"
104,20130892,신민정,,False,"20172863, 20119753"
105,10037206,송재호,SONG Jae-ho,True,"20174644, 20134798, 20124938, 20124039, 20119337, 20050007, 20040446, 20040480, 19970052, 19840062, 19820088, 19820051, 19810045, 19800049, 19790014, 19779010, 19770020, 19770017, 19760032, 19760030, 19760091, 19760013, 19750106, 19750099, 19770051"
106,20197789,손준영,,True,"20168342, 20141963"
107,20258950,손영진,,True,"20169348, 20151229, 20153443"
108,20287656,손승훈,,True,20169348
109,20287594,정서영,,False,20179407
110,20287564,정상문,,True,20150964
111,20287561,정보연,,False,20150966
112,20220093,서현석,,True,"20160787, 20136888"
113,20197672,서지원,,False,"20162442, 20134589"
114,20287551,서주연,,True,20167902
115,20287540,서정우,,True,"20162442, 20162869"
116,20228210,서은지,,False,"20162442, 20151228, 20132801"
117,20287487,정병진,,True,20162871
118,20207266,서예지,SEO Yea-ji,False,"20159644, 20157631, 20156553, 20148846"
119,20287531,서수민,,False,"20150971, 20150753"
120,20228232,서병철,,True,"20161726, 20157464"
121,20144982,서민수,,True,"20161923, 20081648"
122,20287489,정무진,,True,20178982
123,20287457,이한서,,False,20177005
124,20287412,백지훈,,True,20179694
125,20287333,정기욱,,True,20164844
126,20287332,정근수,,True,20150964
127,20287331,정규환,,True,20165001
128,20287294,전혜수,,False,20179407
129,20287310,전현준,,True,20151181
130,20287250,전유림,,False,20167901
131,20287269,전용준,,True,20175021
132,10027582,앤서니 곤잘레스,Anthony Gonzalez,True,20179985
133,10045551,애미기,Amy Mei-Kei Ai,False,20176887
134,10074242,조석지,Wylie Chiu,False,20176887
135,10018807,지나 브람힐,Gina Bramhill,False,20175344
136,10056499,이안 샤프,Ian Sharp,True,20175344
137,20287089,마상현,SangHyeon Ma,True,
138,20287229,전영욱,,True,20150964
139,20287144,전성우,,True,20165001
140,20287193,전보라,,False,20174562
141,20287140,전민,,True,20156708
142,20287133,장혜민,,False,20157631
143,20276750,장현주,,False,20173061
144,20287051,장조아,,False,20172381
145,20287050,장정윤,,True,20154909
146,20286922,백광호,,True,"20175021, 20175021"
147,20193225,배정현,,True,"20164403, 20139164"
148,20286916,장승연,,False,20151229
149,20286930,배유리,,False,20167901
150,20286910,장석진,,True,20162442
151,20286892,장석민,,True,20167843
152,20286870,장민준,,True,20150964
153,20286796,박희진,,True,"20151227, 20154802, 20157631"
154,20258722,박희진,,False,"20179407, 20172401, 20165901"
155,20286759,박희정,,False,20150971
156,20183927,박희정,,False,"20166421, 20122787"
157,20286794,임효은,,False,20164844
158,20286749,오정환,,True,20160465
159,20286726,박혜진,,False,20173561
160,20286724,박혜영,,False,20178647
161,20286741,박혜경,,False,20172863
162,20286723,박형우,,True,20164844
163,20231468,박형수,,True,"20161762, 20167902, 20161726, 20151230, 20151228"
164,20232806,박현지,,False,"20172401, 20157501, 20150941"
165,20100597,박현영,PARK Hyun-young,False,"20164643, 20160483, 20159161, 20143717, 20120110, 20110296, 20101110, 20101110, 20090329, 20098254, 20071067, 20070023, 20070089, 20070042, 20070015, 20060389, 20060369, 20060276, 20050318, 20050135, 20070301, 20050008, 20030046, 20020047, 19980040, 20150373, 20147586, 20148923, 20148923, 20125329, 20110653, 20110043, 20060515, 20011329, 20001243, 20060820, 20149121, 20121421"
166,20138782,박태영,,True,"20167901, 20068576, 20139981, 20050015"
167,20286718,박태산,,True,20169603
0,20288112,조경아,,False,20160483
1,20288045,정현경,,False,20150753
2,20288041,정태인,,False,20167901
3,20288040,정태수,,True,20162343
4,20288035,정진용,,True,20162971
5,20288012,정이삭,,True,20150964
6,20287989,정은,,False,20172822
7,10036063,해나 존-케이먼,Hannah John-Kamen,False,20171122
8,10034407,사이먼 페그,Simon Pegg,True,"20171122, 20150567, 20161286, 20159311, 20158013, 20154141, 20157881, 20142843, 20142301, 20154841, 20147290, 20163025, 20112542, 20119721, 20137468, 20081361, 20070204, 20078820, 20068780, 20068904, 20048411"
9,20287916,이슬기,,False,20175930
10,20287915,정유빈,,False,20156708
11,20287914,박현지,,False,20175930
12,20287913,심이안,,False,20175930
13,20287912,여경주,,False,20175930
14,20287910,정원태,,True,20167902
15,10084287,비우라 코알레,Beulah Koale,True,20176886
16,10063717,제이슨 홀,Jason Hall,True,20176886
17,20287881,정용환,,True,20172863
18,20274769,정영수,,True,"20172601, 20172601"
19,20287876,정연수,,True,20169348
20,20287805,정연서,,False,20162871
21,20287802,신진철,,True,20162343
22,20278009,신지훈,,True,20170941
23,20287800,신지훈,,True,20162722
24,20287857,신지용,,True,20149571
25,20287856,신중혁,,True,"20162343, 20162871, 20156562"
26,20287854,신종민,,True,20166132
27,20287796,신정화,,False,20162442
28,20188627,신재훈,,True,"20172401, 20138061, 20131102, 20177483, 20162745"
29,20287793,정순희,,False,20179604
30,20287792,정수빈,,False,20175021
31,20287809,정성윤,,True,20162343
32,20287744,신유철,,True,20151228
33,20287763,신영진,,True,"20156708, 20156708"
34,20131765,신영진,,False,"20167901, 20154802, 20100832"
35,20287756,신승민,,True,"20175021, 20175021"
36,20287753,신수정,,False,20154802
37,20287749,신선,,True,20179442
38,20128312,신민철,SHIN Min-cheol,True,"20164981, 20154803, 20158824, 20138223, 20124065"
39,20130892,신민정,,False,"20172863, 20119753"
40,10037206,송재호,SONG Jae-ho,True,"20174644, 20134798, 20124938, 20124039, 20119337, 20050007, 20040446, 20040480, 19970052, 19840062, 19820088, 19820051, 19810045, 19800049, 19790014, 19779010, 19770020, 19770017, 19760032, 19760030, 19760091, 19760013, 19750106, 19750099, 19770051"
41,20197789,손준영,,True,"20168342, 20141963"
42,20258950,손영진,,True,"20169348, 20151229, 20153443"
43,20287656,손승훈,,True,20169348
44,20287594,정서영,,False,20179407
45,20287564,정상문,,True,20150964
46,20287561,정보연,,False,20150966
47,20197672,서지원,,False,"20162442, 20134589"
48,20287551,서주연,,True,20167902
49,20287540,서정우,,True,"20162442, 20162869"
50,20228210,서은지,,False,"20162442, 20151228, 20132801"
51,20287487,정병진,,True,20162871
52,20207266,서예지,SEO Yea-ji,False,"20159644, 20157631, 20156553, 20148846"
53,20287531,서수민,,False,"20150971, 20150753"
54,20144982,서민수,,True,"20161923, 20081648"
55,20287489,정무진,,True,20178982
56,20287457,이한서,,False,20177005
57,20287412,백지훈,,True,20179694
58,20287333,정기욱,,True,20164844
59,20287332,정근수,,True,20150964
60,20287331,정규환,,True,20165001
61,20287294,전혜수,,False,20179407
62,20287310,전현준,,True,20151181
63,20287250,전유림,,False,20167901
64,20287269,전용준,,True,20175021
65,10027582,앤서니 곤잘레스,Anthony Gonzalez,True,20179985
66,10045551,애미기,Amy Mei-Kei Ai,False,20176887
67,10074242,조석지,Wylie Chiu,False,20176887
68,10018807,지나 브람힐,Gina Bramhill,False,20175344
69,10056499,이안 샤프,Ian Sharp,True,20175344
70,20287089,마상현,SangHyeon Ma,True,
71,20287229,전영욱,,True,20150964
72,20287144,전성우,,True,20165001
73,20287193,전보라,,False,20174562
74,20287140,전민,,True,20156708
75,20287133,장혜민,,False,20157631
76,20276750,장현주,,False,20173061
77,20287051,장조아,,False,20172381
78,20287050,장정윤,,True,20154909
79,20286922,백광호,,True,"20175021, 20175021"
80,20193225,배정현,,True,"20164403, 20139164"
81,20286916,장승연,,False,20151229
82,20286930,배유리,,False,20167901
83,20286910,장석진,,True,20162442
84,20286892,장석민,,True,20167843
85,20286870,장민준,,True,20150964
86,20286796,박희진,,True,"20151227, 20154802, 20157631"
87,20258722,박희진,,False,"20179407, 20172401, 20165901"
88,20286759,박희정,,False,20150971
89,20183927,박희정,,False,"20166421, 20122787"
90,20286794,임효은,,False,20164844
91,20286749,오정환,,True,20160465
92,20286724,박혜영,,False,20178647
93,20286741,박혜경,,False,20172863
94,20286723,박형우,,True,20164844
95,20231468,박형수,,True,"20161762, 20167902, 20161726, 20151230, 20151228"
96,20232806,박현지,,False,"20172401, 20157501, 20150941"
97,20100597,박현영,PARK Hyun-young,False,"20164643, 20160483, 20159161, 20143717, 20120110, 20110296, 20101110, 20101110, 20090329, 20098254, 20071067, 20070023, 20070089, 20070042, 20070015, 20060389, 20060369, 20060276, 20050318, 20050135, 20070301, 20050008, 20030046, 20020047, 19980040, 20178235, 20150373, 20147586, 20148923, 20148923, 20125329, 20110653, 20110043, 20060515, 20011329, 20001243, 20060820, 20178237, 20149121, 20121421"
98,20138782,박태영,,True,"20167901, 20068576, 20139981, 20050015"
99,20286718,박태산,,True,20169603
100,20286714,박창수,,True,20177223
101,20286702,박진욱,,True,20161726
102,20286647,박진영,,True,20150753
103,20248704,박진영,,True,"20151229, 20159648, 20154803, 20161410"
104,20286700,박진수,,True,"20179323, 20154802"
105,20110896,박지환,PARK Ji-hwan,True,"20169348, 20159645, 20150902, 20145507, 20145507, 20145171, 20150941, 20130566, 20149062, 20134590, 20148626, 20137043, 20122832, 20100793, 20090155, 20081476, 20090054, 20080428, 20060134, 20148601"
106,20183253,박지홍,,True,"20151230, 20150964, 20151229, 20145507, 20120107"
107,20286645,박지호,,True,20164844
108,20286695,박지혜,,False,"20179323, 20167829, 20174164"
109,20286694,박지현,,False,20178647
110,20218683,박지은,,False,"20164981, 20149259"
111,20137223,박지윤,PARK Ji-yoon,False,"20165153, 20150966, 20150966, 20141598, 20149838, 20135946, 20147161, 20090842"
112,20286641,박지영,,False,20172401
113,20111145,박지연,PARK Ji-yeon,False,"20168041, 20124045, 20040586, 20030100"
114,20227772,박지연,,False,"20162871, 20158701, 20149961"
115,20137001,박지수,PARK Ji-su,False,"20150966, 20145503, 20142402, 20147130, 20149909, 20113886, 20081391"
116,20286639,박준희,,False,20179407
117,20286669,박준호,,True,"20164174, 20162503"
118,20286638,박준하,,True,20160746
119,20193134,박준영,,True,"20179407, 20161366, 20136888, 20136062, 20130501"
120,20286650,박준규,,True,20150964
121,20286632,박종훈,,True,20170941
122,20286590,박정환,,True,20172641
123,20286589,박정훈,,True,20162442
124,20110720,박정환,PARK Jung-hwan,True,"20169348, 20150964, 20162021, 20158982, 20148851, 20119982, 20040647, 20040489, 20010004, 20010035, 20060608, 20038504, 20126746, 20060773"
125,20236686,박정환,,True,"20165423, 20164641, 20163121, 20163121, 20164403, 20161662"
126,20286508,박정현,,True,20175021
127,20134452,박정선,,True,"20164981, 20070641, 20121842"
128,20110693,박정민,PARK Jung-min,True,"20176104, 20166384, 20174369, 20177539, 20168323, 20161726, 20154802, 20154802, 20151229, 20151021, 20158482, 20143511, 20151582, 20133681, 20130501, 20139881, 20124937, 20125333, 20113743, 20101344, 20070639, 20127180, 20122652, 20135337, 20100531, 20080450, 20158242, 20148534, 20162718, 20149056"
129,20280210,박정근,,True,20170163
130,20134407,박정근,,True,"20179323, 20143502, 20090805, 20135522, 20165144"
131,20286502,박재홍,,True,20151181
132,20193110,박재홍,,True,"20162442, 20126090"
133,20286500,박재웅,,True,20164174
134,20286497,박재민,,True,20150964
135,20286470,임지아,,False,20161366
136,20286390,임시우,,True,20178721
137,20286389,임수현,,False,20177483
138,20286320,임수빈,,False,20166422
139,20286373,임성환,,True,20179407
140,20286370,임상현,,True,20151181
141,20286317,임보라,,False,20164174
142,20286350,임도현,,True,20162343
143,20286349,임대현,,True,20162442
144,20286217,이호균,,True,20162869
145,20286230,이현일,,True,20162442
146,20286110,이한성,,True,20169348
147,20286070,쿠로사와 나치,,False,
148,20285998,이하준,,True,20162442
149,20286030,이태균,,True,20179323
150,20285996,이태광,,True,20175042
151,20285994,이철수,,True,20172381
152,20285991,이창희,,True,20150966
153,20285972,이창섭,,True,20162869
154,20285970,박은지,,False,20179407
155,20132409,박윤호,,True,"20167901, 20162722, 20158799, 20140144, 20122787, 20124079, 20101222"
156,20285949,박윤주,,False,20165001
157,20285880,박우준,,True,20179407
158,20267149,박완규,,True,20160881
159,20285909,박예진,,False,20150966
160,20248412,박예슬,,False,"20179407, 20159644"
161,20285849,카키하라 린카,Kakihara Rinka,False,20170922
162,20285809,이진한,,True,20145486
163,20285771,이진섭,,True,20154802
164,20281232,박시영,,False,20178647
165,20217866,박시영,,False,"20151229, 20151181, 20145501, 20158481, 20142402, 20140190"
166,20285529,이치카와 마사미,Masami Ichikawa,False,
167,20281389,정준영,,True,20170272
168,10050612,칸이치로,Kanichiro,True,20176169
169,10056384,이시이 안나,Anna Ishii,False,20176169
170,10086847,요시네 쿄코,Kyoko Yoshine,False,20176169
171,10007239,나카지마 켄토,Kento Nakajima,True,20176169
172,10013943,라울 보바,Raoul Bova,True,"20176142, 20135308, 20135262, 20040648, 19960203"
173,10061786,이정빈,Toby Lee,True,20175604
174,10086662,마사순,Ma Si Chun,False,20175604
175,20285409,윤혜리,YOON Hye-ri,False,"20161366, 20155385, 20174082, 20160705, 20164090"
176,20285389,윤진,YUN Jin,True,"20173750, 20173750, 20174265, 20174265, 20176168, 20176168, 20168755, 20177409, 20156532, 20156532, 20156526, 20147628, 20147628"
177,10017935,아론 페데르센,Aaron Pedersen,True,20176105
178,20282649,조수하,,False,20177468
179,20285371,이영표,,True,20175047
180,20285370,김용순,,True,20175047
181,20285369,임만호,,True,20175047
182,20285349,이슬,,False,20168766
183,20285329,위명우,,True,20168766
184,20280869,염진환,YEOM Jin-hwan,True,"20162722, 20170726, 20170726, 20170742"
185,10012844,호소야 요시마사,Yoshimasa Hosoya,True,20170525
186,10076299,노넨 레나,Rena Nounen,False,20170525
187,20285249,카트리나 로,Katrina Law,False,20175967
188,20285230,타라 홀트,Tara Holt,False,20175967
189,20285154,송보배,,False,20168766
190,20285153,예슬비,,False,20168766
191,20285171,주가을,,False,20168766
192,20285092,김동현,,True,20175830
193,20285091,김민철,,True,20175830
194,20285109,지민혁,,True,20175830
195,20285090,신세휘,,False,20175830
196,10001914,공현주,KONG Hyun-joo,False,20175830
197,10029329,박지일,PARK Ji-il,True,"20175830, 20038905, 20168624"
198,10035906,성훈,SUNG Hoon,True,20175830
199,20125885,최라윤,Choi Ra Yun,False,"20175765, 20138561, 20168766, 20124141"
200,20182789,사우,,True,"20175765, 20173612, 20179407, 20122761"
201,20284929,이주우,,False,20158741
202,10042486,에이온 바일리,Eion Bailey,True,"20175738, 20135731"
203,20177940,류성훈,RYU Sung-hoon,True,"20175765, 20100214, 20090931, 20060292, 20050049, 20040567"
204,20284829,윤호,,True,20174983
205,10022183,오필리아 달,Ophelia Dahl,False,20174784
206,20284749,김용,,True,20174784
207,10083860,폴 파머,Paul Farmer,True,20174784
208,20284729,김민호,,True,20175547
209,10059154,자레드 그라임스,Jared Grimes,True,20175547
210,20189237,남태부,NAM Tae-boo,True,"20156559, 20174265, 20159627, 20159627, 20142621, 20149259, 20123500, 20138224, 20134233, 20138162, 20123384, 20120110, 20128687, 20100296, 20111493"
211,20284571,한상권,,True,20174643
212,20284553,안병우,,True,20174643
213,20284552,이동기,,True,20174643
214,20284551,하일식,,True,20174643
215,20284550,이준식,,True,20174643
216,20284570,김민철,,True,20174643
217,20284569,박한용,,True,20174643
218,20284549,한홍구,,True,20174643
219,20284531,이영석,,True,20167246
220,20284530,윤원준,,True,20167246
221,20284529,윤지유,,False,20167246
222,10061846,신성원,,True,20167246
223,10031234,민무제,,True,20167246
224,20130373,호산,,True,"20167246, 20010015"
225,10050094,남경주,,True,20167246
226,10045406,마리아나 폰타나,Mariana Fontana,False,20175485
227,10065186,안젤라 폰타나,Angela Fontana,False,20175485
228,10082455,브라이스 드래퍼,Bryce Draper,True,20175343
229,20284309,진 윤,Jean Yoon,False,"20171663, 20145201, 20090664, 20175387"
230,20284289,박경희,,False,20175384
231,20284209,민아,,False,20175223
232,10065494,조나단 영,Jonathon Young,True,20167885
233,10086606,조쉬 엡스테인,Josh Epstein,True,20167885
234,10074848,조디 발포어,Jodi Balfour,False,20167885
235,10083793,찰리 캐릭,Charlie Carrick,True,20167885
236,10034003,사라 캐닝,Sara Canning,False,20167885
237,10048944,마이클 에크런드,Michael Eklund,True,20167885
238,10066879,정흔의,Joyce Cheng,False,20173409
239,10047608,에드가 킨테로,Edgar Quintero,True,20175208
240,10044735,알렉상드라 보르벨리,Alexandra Borbely,False,20175143
241,10001374,게자 모르산이,Geza Sinkovics,True,20175143
242,20283949,마츠시마 아오이,Aoi Matsushima,False,20175056
243,20283929,크리스틴 오폴라이스,Kristine Opolais,False,20175055
244,10024340,존 루드니츠키,Jon Rudnitsky,True,20174882
245,10079809,피코 알렉산더,Pico Alexander,True,20174882
246,10059967,장 피에르 마틴,Jean-Pierre Martins,True,"20110904, 20070522"
247,20283909,표재주,,False,20175002
248,10002200,구스타보 마차도,Gustavo Machado,True,20171688
249,10043272,안드레이아 오르타,Andreia Horta,False,20171688
250,10078348,키어시 클레몬스,Kiersey Clemons,False,20173931
251,10091446,칼럼 터너,Callum Turner,True,20173931
252,20124907,조규완,,True,"20136869, 20030138, 20010014"
253,20283869,김영택,,True,20177847
254,10073878,카야노 아이,Ai Kayano,False,20173806
255,10052489,나가야마 아이코,Aiko Nagayama,False,20173844
256,10078770,비터니 휘트모어,Bethany Whitmore,False,20169304
257,10025100,맥켄지 데이비스,Mackenzie Davis,False,20168282
258,10022508,마야 도리,Maya Dory,False,20172942
259,10064844,플뢰르 제프리어,Fleur Geffrier,False,20172942
260,10035520,서유리,SEO Yoo-ri,False,20100057
261,20111688,강하늘,KANG Ha-neul,True,"20173581, 20162442, 20166421, 20158482, 20150977, 20136063, 20151951, 20148845, 20148188, 20147931, 20111928, 20102415"
262,10063086,제롬 플린,Jerome Flynn,True,20179942
263,10041489,아드리아 아르조나,Adria Arjona,False,20174603
264,20112047,박성일,PARK Seong-il,True,"20174301, 20145501, 20156557, 20130501, 20112082, 20101221, 20100043, 20070589, 20070434, 20070128, 20060112, 20020277, 20113884, 20111501, 20119552, 20172626"
265,20283730,정재윤,,True,20174301
266,20283729,이가섭,,True,20174301
267,20176462,이스라엘 브로우사드,Israel Broussard,True,"20174622, 20130708"
268,10063369,제시카 로테,Jessica Rothe,False,20174622
269,20187851,지창욱,JI Chang-wook,True,"20150964, 20100326, 20090562, 20081369"
270,20280469,감승민,KAM Seung-min,True,20170145
271,20283590,김지율,,True,20172142
272,20283589,손수호,,True,20172142
273,20283552,김신우,,True,20172142
274,20283551,이수진,,False,20172142
275,20283550,김채하,,False,20172142
276,20283569,임윤선,,False,20172142
277,20283549,박경혜,,False,20172142
278,20283489,장동윤,JANG Dong-yun,True,20174442
279,20166024,고준,GO Jun,True,"20174369, 20139261, 20127196, 20152286, 20152351"
280,20283529,카와카미 나나미,,False,
281,20283430,이다민,LEE Da-min,False,
282,10051731,요시다 코타로,Kotaro Yoshida,True,20176761
283,10087303,쿠도 아스카,Asuka Kudo,True,20176761
284,10060738,톰 앤슬리,Tom Ainsley,True,20173643
285,10030728,사라 두몬트,Sarah Dumont,False,20173643
286,10045994,앤드류 타벳,Andrew Tarbet,True,20173524
287,10009463,다니엘 파랄도,Daniel Faraldo,True,20173524
288,10081631,크리스토퍼 애봇,Christopher Abbott,True,20176742
289,10052863,만델라 반 피블스,Mandela Van Peebles,True,20173724
290,10083655,폴 브라운스테인,Paul Braunstein,True,20173724
291,10053023,로라 밴더부트,Laura Vandervoort,False,"20173724, 20177349"
292,10048427,한나 에밀리 앤더슨,Hannah Emily Anderson,False,20173724
293,10022799,맷 패스모어,Matt Passmore,True,20173724
294,10078280,클레 베넷,Cle Bennett,True,20173724
295,20283329,조윤호,,True,20174143
296,20283311,김신하,,False,20174143
297,20283310,윤은지,,False,20174143
298,20283309,염경화,,False,
299,10085055,조단 로드리게스,Jordan Rodrigues,True,20173323
300,10036751,소피아 아귀아르,Sophia Aguiar,False,20173323
301,10074657,캐롤라인 먼로,Caroline Munro,False,20173093
302,10038325,제임스,,True,20173804
303,10091659,옴,,False,20173804
304,10078935,논,,True,20173804
305,20283229,옥밥,,False,20173804
306,20283231,마이 브리트 앤더슨,Maj Britt Andersen,False,20174103
307,20283251,안현서,,False,"20174103, 20147379, 20110261, 20128977, 20120942, 19738014"
308,20283250,김기철,KIM Gi-cheol,True,"20174103, 20141028, 20120942"
309,20283249,헤르만 사바도,Hermann Sabado,True,20174103
310,20283209,존 F.브룬고트,John F.Brungot,True,20174103
311,10058908,임현식,,True,"20177473, 20174641"
312,20202246,성유빈,SUNG You-bin,True,"20174142, 20145171"
313,20283131,고은민,,False,"20173949, 20173965"
314,20283130,황상경,,True,"20173964, 20173965"
315,20283150,한가림,,False,"20173963, 20173965"
316,20283111,김하연,,False,20173932
317,20283129,김다흰,,True,20173932
318,20283110,허연정,,False,20173932
319,20283109,조성우,,True,20173932
320,10035681,서현진,SEO Hyeon-jin,False,"20150966, 20150972, 20100315, 20060316, 2010A336, 20162301"
321,10000003,등가가,Jiajia Deng,False,20171711
322,20282893,이츠키 사가라,,False,20173727
323,20282892,토다 레이,Rei Toda,False,20173726
324,20282909,시오미 유리코,,False,20173751
325,20282890,미즈모토 에리카,,False,20173733
326,10035658,서태화,SEO Tae-hwa,True,"20164481, 20122466, 20140174, 20123201, 20101009, 20100833, 20100119, 20020118, 20010040, 20060809, 20120783, 20110183"
327,20282650,김경윤,KIM Gyeong-yun,False,20177468
328,20254033,곽동연,GWAK Dong-yeon,True,"20164424, 20176121"
329,20254032,이서원,LEE Seo-won,True,20164424
330,10061614,정규수,JEONG Gyu-su,True,"20164424, 20174369, 20050178, 19890039"
331,10035024,샘 트라멜,Sam Trammell,True,20173252
332,10055116,니나 레티,Nina Ljeti,False,20173343
333,20282830,박철훈,,True,20172404
334,20282850,박철준,,True,20172404
335,20282849,김순희,,False,20172404
336,20282829,박명호,,True,20172404
337,20282789,최희승,,True,20161255
338,10040697,신혜수,SHIN Hye-soo,False,"19940028, 19910023, 19910066, 19900065, 19890077, 19880059, 19880052, 19880016"
339,10028660,박병은,PARK Byung-eun,True,"20174663, 20176122, 20151230, 20154906, 20157501, 20148851, 20150941, 20147176, 20132482, 20136060, 20135405, 20128690, 20113557, 20119341, 20101222, 20100800, 20090160, 20081525, 20080870, 20090159, 20090035, 20060356, 20050271, 20020236, 20111707, 20126843, 20126929"
340,20197786,손수현,SON Soo-hyun,False,"20174663, 20149056"
341,10005239,김유석,KIM Yu-seok,True,"20174663, 20090042, 20060055, 20050029, 20050036, 20010046, 20000021, 19980040"
342,20282749,아리스에 고,Go Arisue,True,"20173553, 20173629"
343,20282729,오승훈,O Seung-hun,True,20173612
344,10053802,유아인,YOO Ah-in,True,"20177552, 20173202, 20150977, 20148846, 20148048, 20138226, 20147282, 20123381, 20112695, 20090670, 20080637, 20070042, 20070174, 20110236"
345,20282652,전종서,JEON Jong-seo,False,20173202
346,10025112,매튜 그레이 구블러,Matthew Gray Gubler,True,"20173494, 20159059, 20113311, 20090861, 20070562"
347,10077420,라이아 코스타,Laia Costa,False,20173494
348,10062071,정유미,JUNG Yu-Mi,False,"20168323, 20165001, 20156564, 20136068, 20148927, 20147282, 20123381, 20137041, 20124350, 20112534, 20101028, 20100787, 20100256, 20100046, 20090389, 20090051, 20090261, 20081616, 20090067, 20070042, 20060123, 20050245, 20050017, 20175162, 20122130, 20129216, 20100056, 20060644, 20060562, 20081682, 20072069"
349,20227847,정준원,JEONG Jun-won,True,20158824
350,10038016,앤 램세이,Anne Ramsay,False,20173437
351,10084647,질 라슨,Jill Larson,False,20173437
352,20282689,김한나,,False,"20168041, 20161589, 20147129, 20101010, 20177390, 20165466, 20160508, 20166282, 20151104, 20135775"
353,10059896,장천애,Tianai Zhang,False,20173033
354,20282651,이예원,,False,20177342
355,20282629,조연우,JO Yeon-woo,True,20172148
356,10012865,토쿠이 유,Yu Tokui,True,20172870
357,10084103,표트르 스크보르초프,Pyotr Skvortsov,True,20172611
358,10032673,숀 캐머런 마이클,Sean Cameron Michael,True,20172922
359,10030469,제니 슬레이트,Jenny Slate,False,20173092
360,10002818,맥케나 그레이스,Mckenna Grace,False,20173092
361,20282609,방연지,,False,"20171022, 20172142"
362,20282589,여윤미,,False,"20171022, 20172142"
363,10012047,데이빗 제야스,David Zayas,True,"20172663, 20101133"
364,20282509,김지환,,True,20170669
365,20133585,홍정호,HONG Jeong-ho,True,"20160503, 20120104, 20010093"
366,20281169,안성민,AHN Seong-min,True,20160503
367,20282489,설종환,SEOL Jong-hwan,True,"20175002, 20172506, 20177265"
368,10002037,김준,,True,20172627
369,20282449,박희은,,False,20172627
370,20276010,김미랑,,False,"20172627, 20173601"
371,10001008,개리 네이션,Garry Nation,True,20172474
372,20282109,남상지,,False,20171164
373,20281230,이규호,,True,20178647
374,10041483,앤드리아 모니어,Andrea Monier,False,20172203
375,10009303,다니엘 로지우,Danielle Lozeau,False,20172203
376,10076596,콜린 살몬,Colin Salmon,True,20172627
377,10022727,레이첼 맥팔레인,Rachael MacFarlane,False,20172627
378,10037535,메건 힐티,Megan Hilty,False,20172627
379,10080749,박하은,,False,20172625
380,10055254,칸,Khan,True,20172625
381,10070115,메간 페타 힐,Megan Peta Hill,False,20178669
382,10037012,조시 포트호프,Josh Potthoff,True,20178669
383,10037721,조엘 호건,Joel Hogan,True,20178669
